Fund Holdings as of,"06/Aug/2026"

Ticker,Name,Sector,Asset Class,Market Value,Weight (%),Notional Value,Shares,Price,Location,Exchange,Market Currency
"ASML","ASML HOLDING","Information Technology","Equity","58,800,852.00","8.64","58,800,852.00","39,358.00","1,494.00","Netherlands","Euronext Amsterdam","EUR"
"ALV","ALLIANZ","Financials","Equity","31,854,677.40","4.68","31,854,677.40","72,282.00","440.70","Germany","Xetra","EUR"
"ABBN","ABB LTD","Industrials","Equity","28,285,980.67","4.16","28,285,980.67","321,146.00","88.08","Switzerland","SIX Swiss Exchange","CHF"
"RR.","ROLLS-ROYCE HOLDINGS PLC","Industrials","Equity","23,703,167.45","3.48","23,703,167.45","1,324,177.00","17.90","United Kingdom","London Stock Exchange","GBP"
"NESN","NESTLE SA","Consumer Staples","Equity","20,633,526.83","3.03","20,633,526.83","237,729.00","86.79","Switzerland","SIX Swiss Exchange","CHF"
"ROP","ROCHE PS PAR AG","Health Care","Equity","20,311,635.26","2.99","20,311,635.26","52,053.00","390.21","Switzerland","SIX Swiss Exchange","CHF"
"NOVN","NOVARTIS AG","Health Care","Equity","20,186,209.98","2.97","20,186,209.98","150,715.00","133.94","Switzerland","SIX Swiss Exchange","CHF"
"ZURN","ZURICH INSURANCE GROUP AG","Financials","Equity","20,041,632.28","2.95","20,041,632.28","31,802.00","630.20","Switzerland","SIX Swiss Exchange","CHF"
"ULVR","UNILEVER PLC","Consumer Staples","Equity","17,937,309.61","2.64","17,937,309.61","326,305.00","54.97","United Kingdom","London Stock Exchange","GBP"
"AZN","ASTRAZENECA PLC","Health Care","Equity","16,871,961.57","2.48","16,871,961.57","121,967.00","138.33","United Kingdom","London Stock Exchange","GBP"
"IBE","IBERDROLA","Utilities","Equity","15,525,910.40","2.28","15,525,910.40","749,320.00","20.72","Spain","Bolsa De Madrid","EUR"
"SHEL","SHELL PLC","Energy","Equity","15,399,285.01","2.26","15,399,285.01","397,935.00","38.70","United Kingdom","London Stock Exchange","GBP"
"NOVO B","NOVO NORDISK CLASS B","Health Care","Equity","14,287,878.64","2.10","14,287,878.64","363,796.00","39.27","Denmark","Omx Nordic Exchange Copenhagen A/S","DKK"
"TTE","TOTALENERGIES","Energy","Equity","13,592,219.92","2.00","13,592,219.92","182,348.00","74.54","France","Nyse Euronext - Euronext Paris","EUR"
"MUV2","MUENCHENER RUECKVERSICHERUNGS-GESE","Financials","Equity","12,768,685.80","1.88","12,768,685.80","24,433.00","522.60","Germany","Xetra","EUR"
"RIO","RIO TINTO PLC","Materials","Equity","12,231,141.48","1.80","12,231,141.48","140,507.00","87.05","United Kingdom","London Stock Exchange","GBP"
"AI","LAIR LIQUIDE SOCIETE ANONYME POUR","Materials","Equity","12,136,139.64","1.78","12,136,139.64","70,062.00","173.22","France","Nyse Euronext - Euronext Paris","EUR"
"MC","LVMH","Consumer Discretionary","Equity","10,897,620.75","1.60","10,897,620.75","22,635.00","481.45","France","Nyse Euronext - Euronext Paris","EUR"
"GSK","GLAXOSMITHKLINE","Health Care","Equity","9,763,840.44","1.44","9,763,840.44","431,915.00","22.61","United Kingdom","London Stock Exchange","GBP"
"CS","AXA SA","Financials","Equity","9,607,498.15","1.41","9,607,498.15","213,263.00","45.05","France","Nyse Euronext - Euronext Paris","EUR"
"ITX","INDUSTRIA DE DISENO TEXTIL SA","Consumer Discretionary","Equity","9,365,664.00","1.38","9,365,664.00","159,280.00","58.80","Spain","Bolsa De Madrid","EUR"
"DB1","DEUTSCHE BOERSE AG","Financials","Equity","9,028,132.80","1.33","9,028,132.80","33,512.00","269.40","Germany","Xetra","EUR"
"REL","RELX PLC","Industrials","Equity","8,638,484.96","1.27","8,638,484.96","284,288.00","30.39","United Kingdom","London Stock Exchange","GBP"
"RHM","RHEINMETALL AG","Industrials","Equity","8,423,612.00","1.24","8,423,612.00","7,268.00","1,159.00","Germany","Xetra","EUR"
"ATCO A","ATLAS COPCO CLASS A","Industrials","Equity","8,380,204.29","1.23","8,380,204.29","436,020.00","19.22","Sweden","Nasdaq Omx Nordic","SEK"
"OR","LOREAL SA","Consumer Staples","Equity","7,887,641.60","1.16","7,887,641.60","20,204.00","390.40","France","Nyse Euronext - Euronext Paris","EUR"
"NG.","NATIONAL GRID PLC","Utilities","Equity","7,614,839.50","1.12","7,614,839.50","545,412.00","13.96","United Kingdom","London Stock Exchange","GBP"
"LSEG","LONDON STOCK EXCHANGE GROUP PLC","Financials","Equity","7,295,125.78","1.07","7,295,125.78","71,420.00","102.14","United Kingdom","London Stock Exchange","GBP"
"PUB","PUBLICIS GROUPE SA","Communication","Equity","7,012,940.64","1.03","7,012,940.64","70,638.00","99.28","France","Nyse Euronext - Euronext Paris","EUR"
"III","3I GROUP PLC","Financials","Equity","6,968,018.24","1.02","6,968,018.24","207,908.00","33.52","United Kingdom","London Stock Exchange","GBP"
"RACE","FERRARI","Consumer Discretionary","Equity","6,819,124.70","1.00","6,819,124.70","19,171.00","355.70","Italy","Borsa Italiana","EUR"
"UMG","UNIVERSAL MUSIC GROUP","Communication","Equity","6,480,202.22","0.95","6,480,202.22","427,595.00","15.15","Netherlands","Euronext Amsterdam","EUR"
"SREN","SWISS RE AG","Financials","Equity","6,269,620.37","0.92","6,269,620.37","42,725.00","146.74","Switzerland","SIX Swiss Exchange","CHF"
"PRU","PRUDENTIAL PLC","Financials","Equity","5,849,606.06","0.86","5,849,606.06","487,923.00","11.99","United Kingdom","London Stock Exchange","GBP"
"EXPN","EXPERIAN PLC","Industrials","Equity","5,556,869.81","0.82","5,556,869.81","168,205.00","33.04","United Kingdom","London Stock Exchange","GBP"
"CPG","COMPASS GROUP PLC","Consumer Discretionary","Equity","5,527,549.54","0.81","5,527,549.54","196,791.00","28.09","United Kingdom","London Stock Exchange","USD"
"ADYEN","ADYEN","Financials","Equity","5,426,558.00","0.80","5,426,558.00","5,815.00","933.20","Netherlands","Euronext Amsterdam","EUR"
"RMS","HERMES INTERNATIONAL","Consumer Discretionary","Equity","5,338,158.00","0.78","5,338,158.00","3,283.00","1,626.00","France","Nyse Euronext - Euronext Paris","EUR"
"G","ASSICURAZIONI GENERALI","Financials","Equity","5,135,231.67","0.75","5,135,231.67","114,549.00","44.83","Italy","Borsa Italiana","EUR"
"SAMPO","SAMPO CLASS A","Financials","Equity","4,956,173.71","0.73","4,956,173.71","517,562.00","9.58","Finland","Nasdaq Omx Helsinki Ltd.","EUR"
"GEBN","GEBERIT AG","Industrials","Equity","4,832,725.05","0.71","4,832,725.05","8,017.00","602.81","Switzerland","SIX Swiss Exchange","CHF"
"RKT","RECKITT BENCKISER GROUP PLC","Consumer Staples","Equity","4,738,391.66","0.70","4,738,391.66","77,345.00","61.26","United Kingdom","London Stock Exchange","GBP"
"PGHN","PARTNERS GROUP HOLDING AG","Financials","Equity","4,631,406.53","0.68","4,631,406.53","5,992.00","772.93","Switzerland","SIX Swiss Exchange","CHF"
"GIVN","GIVAUDAN SA","Materials","Equity","4,579,282.00","0.67","4,579,282.00","1,264.00","3,622.86","Switzerland","SIX Swiss Exchange","CHF"
"ATCO B","ATLAS COPCO CLASS B","Industrials","Equity","4,398,314.34","0.65","4,398,314.34","261,962.00","16.79","Sweden","Nasdaq Omx Nordic","SEK"
"KNEBV","KONE","Industrials","Equity","4,109,159.52","0.60","4,109,159.52","80,007.00","51.36","Finland","Nasdaq Omx Helsinki Ltd.","EUR"
"SSE","SSE PLC","Utilities","Equity","4,091,019.64","0.60","4,091,019.64","147,496.00","27.74","United Kingdom","London Stock Exchange","GBP"
"HO","THALES SA","Industrials","Equity","3,422,865.60","0.50","3,422,865.60","12,936.00","264.60","France","Nyse Euronext - Euronext Paris","EUR"
"SIKA","SIKA AG","Materials","Equity","3,356,160.55","0.49","3,356,160.55","16,397.00","204.68","Switzerland","SIX Swiss Exchange","CHF"
"VACN","VAT GROUP AG","Industrials","Equity","3,335,505.71","0.49","3,335,505.71","4,914.00","678.78","Switzerland","SIX Swiss Exchange","CHF"
"NXT","NEXT PLC","Consumer Discretionary","Equity","3,248,177.33","0.48","3,248,177.33","17,706.00","183.45","United Kingdom","London Stock Exchange","GBP"
"IMB","IMPERIAL BRANDS PLC","Consumer Staples","Equity","3,232,051.64","0.48","3,232,051.64","100,351.00","32.21","United Kingdom","London Stock Exchange","GBP"
"A5G","AIB GROUP PLC","Financials","Equity","3,227,692.62","0.47","3,227,692.62","294,095.00","10.98","Ireland","Irish Stock Exchange - All Market","EUR"
"FBK","FINECOBANK BANCA FINECO","Financials","Equity","3,158,302.74","0.46","3,158,302.74","128,022.00","24.67","Italy","Borsa Italiana","EUR"
"GBP","GBP CASH","Cash and/or Derivatives","Cash","3,127,260.01","0.46","3,127,260.01","2,678,916.00","116.74","United Kingdom","-","GBP"
"ADM","ADMIRAL GROUP PLC","Financials","Equity","3,079,768.22","0.45","3,079,768.22","67,647.00","45.53","United Kingdom","London Stock Exchange","GBP"
"DGE","DIAGEO PLC","Consumer Staples","Equity","3,072,589.31","0.45","3,072,589.31","151,924.00","20.22","United Kingdom","London Stock Exchange","GBP"
"MTX","MTU AERO ENGINES HOLDING AG","Industrials","Equity","3,046,402.40","0.45","3,046,402.40","8,152.00","373.70","Germany","Xetra","EUR"
"HNR1","HANNOVER RUECK","Financials","Equity","3,033,848.00","0.45","3,033,848.00","12,020.00","252.40","Germany","Xetra","EUR"
"LOGN","LOGITECH INTERNATIONAL SA","Information Technology","Equity","2,927,854.83","0.43","2,927,854.83","32,338.00","90.54","Switzerland","SIX Swiss Exchange","CHF"
"BESI","BE SEMICONDUCTOR INDUSTRIES NV","Information Technology","Equity","2,615,739.60","0.38","2,615,739.60","12,043.00","217.20","Netherlands","Euronext Amsterdam","EUR"
"REP","REPSOL","Energy","Equity","2,582,127.74","0.38","2,582,127.74","101,419.00","25.46","Spain","Bolsa De Madrid","EUR"
"TEL2 B","TELE2 B","Communication","Equity","2,468,364.02","0.36","2,468,364.02","163,419.00","15.10","Sweden","Nasdaq Omx Nordic","SEK"
"ELE","ENDESA SA","Utilities","Equity","2,346,594.91","0.34","2,346,594.91","55,253.00","42.47","Spain","Bolsa De Madrid","EUR"
"SGE","THE SAGE GROUP PLC","Information Technology","Equity","2,324,354.64","0.34","2,324,354.64","193,783.00","11.99","United Kingdom","London Stock Exchange","GBP"
"WRT1V","WARTSILA","Industrials","Equity","2,276,842.08","0.33","2,276,842.08","77,761.00","29.28","Finland","Nasdaq Omx Helsinki Ltd.","EUR"
"EQT","EQT","Financials","Equity","2,106,424.26","0.31","2,106,424.26","67,130.00","31.38","Sweden","Nasdaq Omx Nordic","SEK"
"ENX","EURONEXT NV","Financials","Equity","2,085,576.00","0.31","2,085,576.00","12,970.00","160.80","France","Nyse Euronext - Euronext Paris","EUR"
"CHF","CHF CASH","Cash and/or Derivatives","Cash","2,066,956.68","0.30","2,066,956.68","1,931,826.00","107.00","Switzerland","-","CHF"
"ALFA","ALFA LAVAL","Industrials","Equity","2,039,023.10","0.30","2,039,023.10","38,996.00","52.29","Sweden","Nasdaq Omx Nordic","SEK"
"ITRK","INTERTEK GROUP PLC","Industrials","Equity","2,025,990.06","0.30","2,025,990.06","29,718.00","68.17","United Kingdom","London Stock Exchange","GBP"
"EPI A","EPIROC CLASS A","Industrials","Equity","2,009,017.90","0.30","2,009,017.90","86,997.00","23.09","Sweden","Nasdaq Omx Nordic","SEK"
"UNI","UNIPOL ASSICURAZIONI SPA","Financials","Equity","2,005,229.96","0.29","2,005,229.96","70,162.00","28.58","Italy","Borsa Italiana","EUR"
"KNIN","KUEHNE UND NAGEL INTERNATIONAL AG","Industrials","Equity","1,996,453.92","0.29","1,996,453.92","9,325.00","214.10","Switzerland","SIX Swiss Exchange","CHF"
"BEAN","BELIMO N AG","Industrials","Equity","1,978,793.86","0.29","1,978,793.86","2,153.00","919.09","Switzerland","SIX Swiss Exchange","CHF"
"AGS","AGEAS SA","Financials","Equity","1,956,060.40","0.29","1,956,060.40","26,362.00","74.20","Belgium","Nyse Euronext - Euronext Brussels","EUR"
"SGRO","SEGRO REIT PLC","Real Estate","Equity","1,830,951.28","0.27","1,830,951.28","163,041.00","11.23","United Kingdom","London Stock Exchange","GBP"
"WISE","WISE PLC CLASS A","Financials","Equity","1,811,130.29","0.27","1,811,130.29","169,412.00","10.69","United Kingdom","London Stock Exchange","GBP"
"ELISA","ELISA","Communication","Equity","1,803,301.92","0.27","1,803,301.92","51,114.00","35.28","Finland","Nasdaq Omx Helsinki Ltd.","EUR"
"G24","SCOUT24 N","Communication","Equity","1,713,937.80","0.25","1,713,937.80","23,871.00","71.80","Germany","Xetra","EUR"
"SCHP","SCHINDLER HOLDING PAR AG","Industrials","Equity","1,684,496.71","0.25","1,684,496.71","5,950.00","283.11","Switzerland","SIX Swiss Exchange","CHF"
"SMIN","SMITHS GROUP PLC","Industrials","Equity","1,653,356.07","0.24","1,653,356.07","52,907.00","31.25","United Kingdom","London Stock Exchange","GBP"
"KOG","KONGSBERG GRUPPEN","Industrials","Equity","1,607,506.40","0.24","1,607,506.40","57,501.00","27.96","Norway","Oslo Bors Asa","NOK"
"BVI","BUREAU VERITAS SA","Industrials","Equity","1,493,498.16","0.22","1,493,498.16","52,514.00","28.44","France","Nyse Euronext - Euronext Paris","EUR"
"ADDT B","ADDTECH CLASS B","Industrials","Equity","1,407,564.03","0.21","1,407,564.03","43,017.00","32.72","Sweden","Nasdaq Omx Nordic","SEK"
"G1A","GEA GROUP AG","Industrials","Equity","1,384,421.15","0.20","1,384,421.15","21,581.00","64.15","Germany","Xetra","EUR"
"NTGY","NATURGY ENERGY GROUP SA","Utilities","Equity","1,317,404.50","0.19","1,317,404.50","45,775.00","28.78","Spain","Bolsa De Madrid","EUR"
"INDU C","INDUSTRIVARDEN SERIES","Financials","Equity","1,302,445.46","0.19","1,302,445.46","25,690.00","50.70","Sweden","Nasdaq Omx Nordic","SEK"
"BOL","BOLIDEN","Materials","Equity","1,287,553.52","0.19","1,287,553.52","27,735.00","46.42","Sweden","Nasdaq Omx Nordic","SEK"
"EDV","ENDEAVOUR MINING","Materials","Equity","1,252,317.14","0.18","1,252,317.14","27,592.00","45.39","United Kingdom","London Stock Exchange","GBP"
"MONC","MONCLER","Consumer Discretionary","Equity","1,169,170.12","0.17","1,169,170.12","22,889.00","51.08","Italy","Borsa Italiana","EUR"
"SPSN","SWISS PRIME SITE AG","Real Estate","Equity","1,165,545.21","0.17","1,165,545.21","8,438.00","138.13","Switzerland","SIX Swiss Exchange","CHF"
"TRYG","TRYG","Financials","Equity","1,136,525.39","0.17","1,136,525.39","55,386.00","20.52","Denmark","Omx Nordic Exchange Copenhagen A/S","DKK"
"LI","KLEPIERRE REIT SA","Real Estate","Equity","1,104,786.00","0.16","1,104,786.00","27,675.00","39.92","France","Nyse Euronext - Euronext Paris","EUR"
"EPI B","EPIROC CLASS B","Industrials","Equity","1,092,732.85","0.16","1,092,732.85","55,846.00","19.57","Sweden","Nasdaq Omx Nordic","SEK"
"GJF","GJENSIDIGE FORSIKRING","Financials","Equity","1,080,698.14","0.16","1,080,698.14","42,150.00","25.64","Norway","Oslo Bors Asa","NOK"
"EVO","EVOLUTION","Consumer Discretionary","Equity","1,070,980.71","0.16","1,070,980.71","16,056.00","66.70","Sweden","Nasdaq Omx Nordic","SEK"
"EMSN","EMS-CHEMIE HOLDING AG","Materials","Equity","1,054,921.19","0.16","1,054,921.19","1,198.00","880.57","Switzerland","SIX Swiss Exchange","CHF"
"TLX","TALANX AG","Financials","Equity","1,052,772.00","0.15","1,052,772.00","9,060.00","116.20","Germany","Xetra","EUR"
"AKRBP","AKER BP","Energy","Equity","1,050,591.81","0.15","1,050,591.81","34,903.00","30.10","Norway","Oslo Bors Asa","NOK"
"BMED","BANCA MEDIOLANUM","Financials","Equity","1,035,065.91","0.15","1,035,065.91","42,789.00","24.19","Italy","Borsa Italiana","EUR"
"CCH","COCA COLA HBC AG","Consumer Staples","Equity","1,020,348.47","0.15","1,020,348.47","17,780.00","57.39","United Kingdom","London Stock Exchange","GBP"
"EVD","CTS EVENTIM AG","Communication","Equity","992,887.20","0.15","992,887.20","17,104.00","58.05","Germany","Xetra","EUR"
"AMUN","AMUNDI SA","Financials","Equity","967,795.70","0.14","967,795.70","9,967.00","97.10","France","Nyse Euronext - Euronext Paris","EUR"
"PNDORA","PANDORA","Consumer Discretionary","Equity","960,295.80","0.14","960,295.80","8,830.00","108.75","Denmark","Omx Nordic Exchange Copenhagen A/S","DKK"
"SDR","SCHRODERS PLC","Financials","Equity","925,351.51","0.14","925,351.51","135,618.00","6.82","United Kingdom","London Stock Exchange","GBP"
"ORNBV","ORION CLASS B","Health Care","Equity","906,412.80","0.13","906,412.80","11,108.00","81.60","Finland","Nasdaq Omx Helsinki Ltd.","EUR"
"SCHN","SCHINDLER HOLDING AG","Industrials","Equity","902,852.98","0.13","902,852.98","3,277.00","275.51","Switzerland","SIX Swiss Exchange","CHF"
"FORTUM","FORTUM","Utilities","Equity","901,690.24","0.13","901,690.24","46,288.00","19.48","Finland","Nasdaq Omx Helsinki Ltd.","EUR"
"RO","ROCHE HOLDING AG","Health Care","Equity","890,823.00","0.13","890,823.00","2,260.00","394.17","Switzerland","SIX Swiss Exchange","CHF"
"LIFCO B","LIFCO CLASS B","Industrials","Equity","853,909.92","0.13","853,909.92","28,190.00","30.29","Sweden","Nasdaq Omx Nordic","SEK"
"FRES","FRESNILLO PLC","Materials","Equity","848,248.08","0.12","848,248.08","26,539.00","31.96","United Kingdom","London Stock Exchange","GBP"
"STMN","STRAUMANN HOLDING AG","Health Care","Equity","824,599.75","0.12","824,599.75","7,541.00","109.35","Switzerland","SIX Swiss Exchange","CHF"
"INDU A","INDUSTRIVARDEN A","Financials","Equity","822,129.33","0.12","822,129.33","16,100.00","51.06","Sweden","Nasdaq Omx Nordic","SEK"
"LAND","LAND SECURITIES GROUP REIT PLC","Real Estate","Equity","779,366.81","0.11","779,366.81","93,637.00","8.32","United Kingdom","London Stock Exchange","GBP"
"MAP","MAPFRE SA","Financials","Equity","760,879.76","0.11","760,879.76","170,067.00","4.47","Spain","Bolsa De Madrid","EUR"
"CVC","CVC CAPITAL PARTNERS PLC","Financials","Equity","759,823.15","0.11","759,823.15","48,551.00","15.65","Netherlands","Euronext Amsterdam","EUR"
"CON","CONTINENTAL AG","Consumer Discretionary","Equity","717,835.52","0.11","717,835.52","10,544.00","68.08","Germany","Xetra","EUR"
"RAA","RATIONAL AG","Industrials","Equity","689,976.00","0.10","689,976.00","1,036.00","666.00","Germany","Xetra","EUR"
"TEN","TENARIS SA","Energy","Equity","651,337.32","0.10","651,337.32","28,356.00","22.97","Italy","Borsa Italiana","EUR"
"VER","VERBUND AG","Utilities","Equity","649,729.35","0.10","649,729.35","11,097.00","58.55","Austria","Wiener Boerse Ag","EUR"
"DKK","DKK CASH","Cash and/or Derivatives","Cash","564,487.71","0.08","564,487.71","4,219,886.00","13.38","Denmark","-","DKK"
"LOTB","LOTUS BAKERIES NV","Consumer Staples","Equity","526,240.00","0.08","526,240.00","46.00","11,440.00","Belgium","Nyse Euronext - Euronext Brussels","EUR"
"COLO B","COLOPLAST B","Health Care","Equity","516,180.66","0.08","516,180.66","9,056.00","57.00","Denmark","Omx Nordic Exchange Copenhagen A/S","DKK"
"CSG","CSG CLASS A NV","Industrials","Equity","487,593.30","0.07","487,593.30","25,319.00","19.26","Netherlands","Euronext Amsterdam","EUR"
"SEK","SEK CASH","Cash and/or Derivatives","Cash","422,813.30","0.06","422,813.30","4,628,563.00","9.13","Sweden","-","SEK"
"BKW","BKW N AG","Utilities","Equity","364,174.93","0.05","364,174.93","2,563.00","142.09","Switzerland","SIX Swiss Exchange","CHF"
"BZU","BUZZI","Materials","Equity","352,204.71","0.05","352,204.71","8,493.00","41.47","Italy","Borsa Italiana","EUR"
"RED","REDEIA CORPORACION SA","Utilities","Equity","306,249.90","0.05","306,249.90","19,822.00","15.45","Spain","Bolsa De Madrid","EUR"
"BZFUT","CASH COLLATERAL EUR BZFUT","Cash and/or Derivatives","Cash Collateral and Margins","119,860.00","0.02","119,860.00","119,860.00","100.00","European Union","-","EUR"
"USD","USD CASH","Cash and/or Derivatives","Cash","111,526.66","0.02","111,526.66","128,646.00","86.69","United States","-","USD"
"NOK","NOK CASH","Cash and/or Derivatives","Cash","86,614.77","0.01","86,614.77","953,328.00","9.09","Norway","-","NOK"
"CHF","CHF/EUR","Cash and/or Derivatives","FX","5,690.33","0.00","5,690.33","-1,870,164.00","1.00","European Union","-","EUR"
"NOK","NOK/EUR","Cash and/or Derivatives","FX","73.51","0.00","73.51","-563,744.00","1.00","European Union","-","EUR"
"SEK","SEK/EUR","Cash and/or Derivatives","FX","12.01","0.00","12.01","-4,313,748.00","1.00","European Union","-","EUR"
"DKK","DKK/EUR","Cash and/or Derivatives","FX","17.77","0.00","17.77","-1,766,169.00","1.00","European Union","-","EUR"
"VHU6","STOXX 50 SEP 26","Cash and/or Derivatives","Futures","0.00","0.00","1,657,500.00","30.00","5,525.00","European Union","Eurex Deutschland","EUR"
"USD","USD/EUR","Cash and/or Derivatives","FX","-125.86","0.00","-125.86","-85,918.00","1.00","European Union","-","EUR"
"GBP","GBP/EUR","Cash and/or Derivatives","FX","-1,718.86","0.00","-1,718.86","-1,991,081.00","1.00","European Union","-","EUR"
"EUR","EUR CASH","Cash and/or Derivatives","Cash","-4,305,101.62","-0.63","-4,305,101.62","-4,305,102.00","100.00","European Union","-","EUR"

